player_id,player_tag,tournament_id,tournament_name,tournament_slug,tournament_date,placement,event_name,total_entrants
2359922,Booju,737156,Pace Smash Weekly Fall 2024 #8,tournament/pace-smash-weekly-fall-2024-8,2024-12-07,9,Ultimate Singles,19
2359922,Booju,726790,The MDVA Ultimate Winter 2024 Arcadian- The Last Hurrah,tournament/the-mdva-ultimate-winter-2024-arcadian-the-last-hurrah,2024-12-21,17,Arcadian Doubles!,23
2359922,Booju,773076,Pace Smash Weekly Spring 2025 #4,tournament/pace-smash-weekly-spring-2025-4,2025-04-12,13,Ultimate Singles,23
2359922,Booju,778963,Pace Smash Weekly Spring 2025 #5 - FINAL WEEKLY!,tournament/pace-smash-weekly-spring-2025-5-final-weekly,2025-04-19,13,Ultimate Singles,46
2359922,Booju,775244,Pace & SJU Present: Waypoint but BIGGER,tournament/pace-sju-present-waypoint-but-bigger,2025-04-26,17,Singles,69
2359922,Booju,795103,Waypoint Warriors 223,tournament/waypoint-warriors-223,2025-06-04,34,Smash Ultimate Singles,67
2359922,Booju,797300,Waypoint Warriors 224,tournament/waypoint-warriors-224,2025-06-11,17,Smash Ultimate Singles,48
2359922,Booju,777707,Supernova 2025,tournament/supernova-2025,2025-08-07,0,Unknown,0
2359922,Booju,771017,Supernova Pre-local 2025 at The Outer Limits!,tournament/supernova-pre-local-2025-at-the-outer-limits,2025-08-07,17,Squad Strike,25
2359922,Booju,827007,Waypoint Warriors 234,tournament/waypoint-warriors-234,2025-09-10,13,Smash Ultimate Singles,30
2359922,Booju,832247,Pace Esports Club Presents: The Smash Society!,tournament/pace-esports-club-presents-the-smash-society,2025-09-27,2,Ultimate Singles,9
2359922,Booju,837723,Pace Esports Club Presents: The Smash Society! 2,tournament/pace-esports-club-presents-the-smash-society-2,2025-10-11,2,Ultimate Singles,13
2359922,Booju,841843,Pace Esports Club Presents: The Smash Society! 3,tournament/pace-esports-club-presents-the-smash-society-3,2025-10-25,1,Ultimate Singles,8
2359922,Booju,848440,Pace Esports Club Presents: The Smash Society! 4,tournament/pace-esports-club-presents-the-smash-society-4,2025-11-08,2,Ultimate Singles,11
4780618,Dan_Zz 0_0,750278,Collision 2025,tournament/collision-2025-8,2025-08-22,0,Unknown,0
4780618,Dan_Zz 0_0,843869,Highland Masters 100,tournament/highland-masters-100,2025-11-07,33,Ultimate Singles ($150 POT BONUS!),85
4780618,Dan_Zz 0_0,846387,TGC WANTED #34,tournament/tgc-wanted-34,2025-11-08,5,Smash Ult Double Elim,28
4780618,Dan_Zz 0_0,842918,No Fundies 1: Extra Life,tournament/no-fundies-1-extra-life,2025-11-09,5,Ultimate Doubles,21
4780618,Dan_Zz 0_0,843470,NEW WAVE @ NXT Legaci Gaming,tournament/new-wave-nxt-legaci-gaming,2025-11-16,5,Smash Ultimate,16
4780618,Dan_Zz 0_0,852065,TALK SMACK GET BODIED #212,tournament/talk-smack-get-bodied-212,2025-11-17,13,Ultimate Singles,36
4780618,Dan_Zz 0_0,853250,Fate's Domain: Revival #54,tournament/fate-s-domain-revival-54,2025-11-19,1,Ultimate Singles,41
3416651,Dreamflasher,733119,Scarlet Tempest Smash Presents: The Thanksgiving Throwdown,tournament/scarlet-tempest-smash-presents-the-thanksgiving-throwdown,2024-11-23,3,Ultimate Singles,7
3416651,Dreamflasher,735541,Game Night at Dave and Busters #35 $50 KING VENIA BOUNTY,tournament/game-night-at-dave-and-busters-35-50-king-venia,2024-12-05,13,Ultimate Singles,26
3416651,Dreamflasher,734629,Bug's Bash 12,tournament/bug-s-bash-12,2024-12-06,5,Bugs Bash Singles,13
3416651,Dreamflasher,735135,Scarlet Tempest Smash Presents: The Winter Royale 2024,tournament/scarlet-tempest-smash-presents-the-winter-royale-2024,2024-12-07,9,Ultimate Singles,24
3416651,Dreamflasher,744547,12G Century Series: EXODUS,tournament/12g-century-series-exodus,2025-01-13,0,Unknown,0
3416651,Dreamflasher,754779,Pace Smash Weekly Spring 2025 #1,tournament/pace-smash-weekly-spring-2025-1,2025-02-08,17,Ultimate Singles,26
3416651,Dreamflasher,759361,Sunset Radio #7,tournament/sunset-radio-7,2025-02-19,9,Ultimate Singles,18
3416651,Dreamflasher,738402,Waypoint Warriors Returns,tournament/waypoint-warriors-returns,2025-03-12,33,Smash Ultimate Singles,66
3416651,Dreamflasher,764641,CAKE Boxing Day Smash Tournament,tournament/cake-boxing-day-smash-tournament,2025-03-16,3,Cake Boxing Day Smash Tournament!,11
3416651,Dreamflasher,768653,Waypoint Warriors 213,tournament/waypoint-warriors-213-1,2025-03-19,33,Smash Ultimate Singles,57
3416651,Dreamflasher,768702,Sunset Radio #11,tournament/sunset-radio-11,2025-03-21,3,Ultimate Singles,14
3416651,Dreamflasher,770566,St. John's Smash Weekly Spring 2025 #2,tournament/st-john-s-smash-weekly-spring-2025-2,2025-03-22,5,Ultimate Singles,15
3416651,Dreamflasher,764334,Locked Ink 3,tournament/locked-ink-3,2025-03-26,25,Ultimate Singles,42
3416651,Dreamflasher,776268,Waypoint Warriors: Dany Vs Tristate,tournament/waypoint-warriors-dany-vs-tristate,2025-04-09,33,Smash Ultimate Singles,65
3416651,Dreamflasher,777822,Waypoint Warriors 216,tournament/waypoint-warriors-216,2025-04-16,33,Smash Ultimate Singles,57
3416651,Dreamflasher,778963,Pace Smash Weekly Spring 2025 #5 - FINAL WEEKLY!,tournament/pace-smash-weekly-spring-2025-5-final-weekly,2025-04-19,33,Ultimate Singles,46
3416651,Dreamflasher,775244,Pace & SJU Present: Waypoint but BIGGER,tournament/pace-sju-present-waypoint-but-bigger,2025-04-26,5,Doubles,9
3416651,Dreamflasher,785001,Smash Island is BACK @ The Elks (Again Again),tournament/smash-island-is-back-the-elks-again-again,2025-05-04,2,UItimate Singles,10
3416651,Dreamflasher,788525,Game Night at Dave and Busters #54,tournament/game-night-at-dave-and-busters-54,2025-05-15,7,Ultimate Singles,29
3416651,Dreamflasher,792134,Waypoint Warriors 222,tournament/waypoint-warriors-222,2025-05-28,33,Smash Ultimate Singles,53
3416651,Dreamflasher,793355,Game Night at Dave and Busters #56,tournament/game-night-at-dave-and-busters-56-1,2025-05-29,4,Ultimate Singles,23
3416651,Dreamflasher,795103,Waypoint Warriors 223,tournament/waypoint-warriors-223,2025-06-04,17,Smash Ultimate Singles,67
3416651,Dreamflasher,797300,Waypoint Warriors 224,tournament/waypoint-warriors-224,2025-06-11,33,Smash Ultimate Singles,48
3416651,Dreamflasher,798442,Game Night at Dave and Busters #58,tournament/game-night-at-dave-and-busters-58,2025-06-12,5,Ultimate Singles,25
3416651,Dreamflasher,800761,Game Night at Dave and Busters #59,tournament/game-night-at-dave-and-busters-59,2025-06-26,5,Ultimate Singles,33
3416651,Dreamflasher,801416,Waypoint Warriors 226,tournament/waypoint-warriors-226,2025-07-02,25,Smash Ultimate Singles,56
3416651,Dreamflasher,804183,Game Night at Dave and Busters #60 $100 Bounty on Top 8,tournament/game-night-at-dave-and-busters-60-100-bounty-on,2025-07-03,7,Ultimate Singles,47
3416651,Dreamflasher,806277,Game Night at Dave and Busters #61 $75 prize pool SSBU!!,tournament/game-night-at-dave-and-busters-61-75-prize-pool,2025-07-09,17,Ultimate Singles,44
3416651,Dreamflasher,805830,Waypoint Warriors 227,tournament/waypoint-warriors-227,2025-07-09,49,Smash Ultimate Singles,62
3416651,Dreamflasher,812486,Wex Midvitational 2025,tournament/wex-midvitational-2025,2025-07-26,7,Ultimate Singles,14
3416651,Dreamflasher,812694,VS Smack Down Finale,tournament/vs-smack-down-finale,2025-08-02,17,Ultimate Singles,48
3416651,Dreamflasher,814251,Waypoint Warriors 230,tournament/waypoint-warriors-230,2025-08-06,25,Smash Ultimate Singles,62
3416651,Dreamflasher,815313,LOCKED INK 5,tournament/locked-ink-5-1,2025-08-13,9,Ultimate Singles,24
3416651,Dreamflasher,819353,Waypoint Warriors 231,tournament/waypoint-warriors-231,2025-08-20,17,Smash Ultimate Singles,50
3416651,Dreamflasher,822337,Waypoint Warriors 232,tournament/waypoint-warriors-232-1,2025-08-27,33,Smash Ultimate Singles,41
3416651,Dreamflasher,821043,Game Night at Dave and Busters #63 $75 prize pool SSBU!!,tournament/game-night-at-dave-and-busters-63-75-prize-pool-ssbu,2025-08-28,7,Ultimate Singles,47
3416651,Dreamflasher,827007,Waypoint Warriors 234,tournament/waypoint-warriors-234,2025-09-10,13,Smash Ultimate Singles,30
3416651,Dreamflasher,826650,Game Night at Dave and Busters #65 $50 prize pool SSBU!!,tournament/game-night-at-dave-and-busters-65-50-prize-pool-ssbu,2025-09-11,13,Ultimate Singles,32
3416651,Dreamflasher,827076,TGC WANTED #27,tournament/tgc-wanted-27,2025-09-13,9,Smash Ult Double Elim,33
3416651,Dreamflasher,829318,TGC WANTED #28,tournament/tgc-wanted-28,2025-09-20,2,Smash Ult Double Elim,25
3416651,Dreamflasher,830760,BrookLAN Brawls #1000,tournament/brooklan-brawls-1000,2025-09-22,0,Unknown,0
3416651,Dreamflasher,833907,Waypoint Warriors 236,tournament/waypoint-warriors-236,2025-10-01,17,Smash Ultimate Singles,29
3416651,Dreamflasher,834938,Ultimate Rare #40,tournament/ultimate-rare-40,2025-10-02,5,Ultimate Singles,11
3416651,Dreamflasher,833217,TGC WANTED #30,tournament/tgc-wanted-30,2025-10-04,4,Smash Ult Double Elim,21
3416651,Dreamflasher,837566,Waypoint Warriors 237,tournament/waypoint-warriors-237,2025-10-08,25,Smash Ultimate Singles,33
3416651,Dreamflasher,837727,TGC WANTED #31,tournament/tgc-wanted-31,2025-10-11,7,Smash Ult Double Elim,34
3416651,Dreamflasher,832950,Wolfie Wars Monthly 15,tournament/wolfie-wars-monthly-15,2025-10-12,25,Ultimate Singles,26
3416651,Dreamflasher,826613,Fusion+ #1 - The Fusion Supermajor,tournament/fusion-1-the-fusion-supermajor,2025-10-12,0,Unknown,0
3416651,Dreamflasher,841214,TGC WANTED #32,tournament/tgc-wanted-32,2025-10-18,13,Smash Ult Double Elim,37
3416651,Dreamflasher,845004,Ultimate Rare #44 The White Mamba,tournament/ultimate-rare-44-the-white-mamba,2025-10-30,5,Ultimate Singles,15
3416651,Dreamflasher,847631,Waypoint Warriors 240,tournament/waypoint-warriors-240,2025-11-05,9,Smash Ultimate Singles,39
3416651,Dreamflasher,847664,Game Night at Dave and Busters #72 $50 prize pool SSBU,tournament/game-night-at-dave-and-busters-72-50-prize-pool-ssbu,2025-11-06,9,Ultimate Singles,26
3416651,Dreamflasher,846387,TGC WANTED #34,tournament/tgc-wanted-34,2025-11-08,4,Smash Ult Double Elim,28
3416651,Dreamflasher,850933,Ultimate Rare #46 Fellas in Paras,tournament/ultimate-rare-46-fellas-in-paras,2025-11-13,9,Ultimate Singles,15
3416651,Dreamflasher,851034,TGC WANTED #35,tournament/tgc-wanted-35,2025-11-15,2,Smash Ult Double Elim,29
3416651,Dreamflasher,851441,Encore Arcadian Monthly Edition ft $250 pot bonus,tournament/encore-arcadian-monthly-edition-ft-250-pot-bonus-1,2025-11-16,13,Encore Smash Ultimate Singles,48
3416651,Dreamflasher,847632,UD Warriors,tournament/ud-warriors,2025-11-19,33,Smash Ultimate Singles,65
185802,EJJ,695079,Luminosity Makes BIG Moves 2025,tournament/luminosity-makes-big-moves-2025,2025-01-03,0,Unknown,0
185802,EJJ,746218,($5) Limit Beasts Training Grounds 76 - Season 7 Start,tournament/5-limit-beasts-training-grounds-76-season-7-start,2025-01-10,2,Ultimate Singles (Thursday),65
185802,EJJ,744547,12G Century Series: EXODUS,tournament/12g-century-series-exodus,2025-01-13,9,EXODUS - Ultimate Singles,141
185802,EJJ,747646,Smash Island is BACK (again),tournament/smash-island-is-back-again,2025-01-19,2,UItimate Singles,17
185802,EJJ,752085,TGC WANTED #14,tournament/tgc-wanted-14,2025-02-01,1,Super Smash Bros. Ultimate: Singles,29
185802,EJJ,746325,New England Collegiate Smash Championship,tournament/new-england-collegiate-smash-championship,2025-02-02,1,Ultimate Collegiate Championship,35
185802,EJJ,754779,Pace Smash Weekly Spring 2025 #1,tournament/pace-smash-weekly-spring-2025-1,2025-02-08,1,Ultimate Singles,26
185802,EJJ,757784,Scarlet Tempest Smash Presents: The Homecoming Monthly,tournament/scarlet-tempest-smash-presents-the-homecoming-monthly,2025-02-22,2,Ultimate Singles,20
185802,EJJ,751893,The Roundtable 3,tournament/the-roundtable-3,2025-02-23,0,Unknown,0
185802,EJJ,765962,Encore Smash #289 ft $100 Pot Bonus,tournament/encore-smash-289-ft-100-pot-bonus,2025-03-12,33,Encore Smash Ultimate Singles,96
185802,EJJ,738402,Waypoint Warriors Returns,tournament/waypoint-warriors-returns,2025-03-12,17,Smash Ultimate Singles,66
185802,EJJ,748635,CT GamerCon 2025 Game Underground Tournaments,tournament/ct-gamercon-2025-game-underground-tournaments,2025-03-15,0,Unknown,0
185802,EJJ,748929,CT Gamercon Casual Esports 2025,tournament/ct-gamercon-casual-esports-2025,2025-03-16,1,Ultimate Singles - Sunday @ 3 pm,49
185802,EJJ,770566,St. John's Smash Weekly Spring 2025 #2,tournament/st-john-s-smash-weekly-spring-2025-2,2025-03-22,3,Ultimate Singles,15
185802,EJJ,764334,Locked Ink 3,tournament/locked-ink-3,2025-03-26,9,Ultimate Singles,42
185802,EJJ,778963,Pace Smash Weekly Spring 2025 #5 - FINAL WEEKLY!,tournament/pace-smash-weekly-spring-2025-5-final-weekly,2025-04-19,3,Ultimate Singles,46
185802,EJJ,775244,Pace & SJU Present: Waypoint but BIGGER,tournament/pace-sju-present-waypoint-but-bigger,2025-04-26,7,Doubles,9
185802,EJJ,775828,SJU Spring Fling 2025: The Finale,tournament/sju-spring-fling-2025-the-finale,2025-04-26,1,Ultimate Singles,36
185802,EJJ,785955,Waypoint Warriors 219,tournament/waypoint-warriors-219,2025-05-07,9,Smash Ultimate Singles,49
185802,EJJ,798622,Waypoint Warriors 225,tournament/waypoint-warriors-225,2025-06-18,3,Smash Ultimate Singles,48
185802,EJJ,805830,Waypoint Warriors 227,tournament/waypoint-warriors-227,2025-07-09,0,Unknown,0
185802,EJJ,806875,Locked Ink 4,tournament/locked-ink-4,2025-07-16,33,Ultimate Singles,36
185802,EJJ,812214,Waypoint Warriors 229,tournament/waypoint-warriors-229,2025-07-30,4,Smash Ultimate Singles,41
185802,EJJ,812231,The Movitational,tournament/the-movitational,2025-08-02,4,Movitational Day 1,7
185802,EJJ,777707,Supernova 2025,tournament/supernova-2025,2025-08-07,0,Unknown,0
185802,EJJ,816232,Fusion #262,tournament/fusion-262,2025-08-12,5,Ultimate Singles,47
185802,EJJ,818155,Fusion #263 - The Collision Prelocal,tournament/fusion-263-the-collision-prelocal,2025-08-19,33,Ultimate Singles - $100 Pot Bonus!,101
185802,EJJ,819556,Encore Smash #310 Collision Prelocal ft $100 pot bonus,tournament/encore-smash-310-collision-prelocal-ft-100-pot-bonus,2025-08-20,4,Encore Smash Ultimate Singles,48
185802,EJJ,818491,Center Stage #100 $250+ Pot Bonus,tournament/center-stage-100-250-pot-bonus,2025-08-27,9,Ultimate Singles,62
185802,EJJ,808949,Hype Waves 100,tournament/hype-waves-100,2025-08-31,0,Unknown,0
185802,EJJ,824272,Waypoint Warriors 233,tournament/waypoint-warriors-233,2025-09-03,13,Smash Ultimate Singles,39
185802,EJJ,744261,Riptide 2025,tournament/riptide-2025-4,2025-09-05,0,Unknown,0
185802,EJJ,762337,Bairs 500 - $500 Pot Bonus,tournament/bairs-500-500-pot-bonus,2025-09-13,17,SSBU - 1v1,137
185802,EJJ,830901,Gotham City Smash Thursday 9-18-25,tournament/gotham-city-smash-thursday-9-18-25,2025-09-19,7,Gotham Smash Ultimate Thursday,33
185802,EJJ,783515,King of the Ville 2025,tournament/king-of-the-ville-2025-1,2025-09-20,0,Unknown,0
185802,EJJ,830760,BrookLAN Brawls #1000,tournament/brooklan-brawls-1000,2025-09-22,17,BrookLAN Brawls #1000 - Smash Ultimate Singles,98
185802,EJJ,831024,Fusion #267,tournament/fusion-267,2025-09-23,9,Ultimate Singles,33
185802,EJJ,833466,Gotham City Smash Thursday 9-25-25,tournament/gotham-city-smash-thursday-9-25-25-1,2025-09-26,9,Gotham Smash Ultimate Thursday,16
185802,EJJ,832296,Adventure B-Airs #502,tournament/adventure-b-airs-502,2025-09-27,5,SSBU - 1v1,39
185802,EJJ,818890,The Roundtable 6,tournament/the-roundtable-6,2025-09-28,7,Ultimate Singles,108
185802,EJJ,832827,Shield Breaker #24,tournament/shield-breaker-24-2,2025-09-29,3,Smash Ultimate Singles,24
185802,EJJ,841214,TGC WANTED #32,tournament/tgc-wanted-32,2025-10-18,25,Smash Ult Double Elim,37
185802,EJJ,743606,The Swish Series - By Dream On,tournament/the-swish-series-by-dream-on,2025-10-23,0,Unknown,0
185802,EJJ,675529,No Budget Smash,tournament/no-budget-smash,2025-10-26,0,Unknown,0
185802,EJJ,843263,The Cashbox #1,tournament/the-cashbox-1,2025-10-30,0,Unknown,0
3165270,Faabz,753404,GWeekly 85,tournament/gweekly-85,2025-02-02,25,Ultimate Singles 1v1,32
3165270,Faabz,831943,GWeekly 99,tournament/gweekly-99,2025-09-28,13,Ultimate Singles 1v1,37
850212,Himalaya,765962,Encore Smash #289 ft $100 Pot Bonus,tournament/encore-smash-289-ft-100-pot-bonus,2025-03-12,49,Encore Smash Ultimate Singles,96
850212,Himalaya,767773,C2GS Smash Ultimate Spring Offline 6 2025,tournament/c2gs-smash-ultimate-spring-offline-6-2025,2025-03-14,3,Smash Ultimate Bracket,13
850212,Himalaya,768653,Waypoint Warriors 213,tournament/waypoint-warriors-213-1,2025-03-19,17,Smash Ultimate Singles,57
850212,Himalaya,766582,Encore Smash Monthly #43 - $250 Pot Bonus,tournament/encore-smash-monthly-43-250-pot-bonus,2025-03-22,33,Ultimate Singles Bracket,59
850212,Himalaya,772274,Transcendence #37,tournament/transcendence-37,2025-03-28,5,Ultimate Singles,27
850212,Himalaya,772974,Maroon Mixups #42 - RCNJ Biweekly,tournament/maroon-mixups-42-rcnj-biweekly,2025-03-29,1,Ultimate Singles,24
850212,Himalaya,772950,Fusion #246 - April Fools Edition,tournament/fusion-246-april-fools-edition,2025-04-01,25,Ultimate Singles,43
850212,Himalaya,771069,Waypoint Warriors 214,tournament/waypoint-warriors-214,2025-04-02,17,Smash Ultimate Singles,52
850212,Himalaya,777258,Encore Smash #293,tournament/encore-smash-293,2025-04-09,9,Encore Smash Ultimate Singles,21
850212,Himalaya,776268,Waypoint Warriors: Dany Vs Tristate,tournament/waypoint-warriors-dany-vs-tristate,2025-04-09,17,Smash Ultimate Singles,65
850212,Himalaya,778029,Maroon Mixups #43 - RCNJ Biweekly,tournament/maroon-mixups-43-rcnj-biweekly,2025-04-12,2,Ultimate Singles,29
850212,Himalaya,775731,Undiscovered Turbo #11: Bobo's Birthday Bash!!! ($100 POT BONUS),tournament/undiscovered-turbo-11-bobo-s-birthday-bash-100-pot-bonus,2025-04-16,17,Ultimate Singles,51
850212,Himalaya,780041,C2GS Smash Ultimate Spring Offline 8 2025,tournament/c2gs-smash-ultimate-spring-offline-8-2025,2025-04-18,3,Smash Ultimate Bracket,14
850212,Himalaya,778963,Pace Smash Weekly Spring 2025 #5 - FINAL WEEKLY!,tournament/pace-smash-weekly-spring-2025-5-final-weekly,2025-04-19,17,Ultimate Singles,46
850212,Himalaya,781103,Waypoint Warriors 217,tournament/waypoint-warriors-217,2025-04-23,25,Smash Ultimate Singles,36
850212,Himalaya,781733,Transcendence #41,tournament/transcendence-41,2025-04-25,9,Ultimate Singles,28
850212,Himalaya,775244,Pace & SJU Present: Waypoint but BIGGER,tournament/pace-sju-present-waypoint-but-bigger,2025-04-26,7,Doubles,9
850212,Himalaya,783020,Maroon Mixups #44 - RCNJ Biweekly,tournament/maroon-mixups-44-rcnj-biweekly-1,2025-04-26,2,Ultimate Singles,23
850212,Himalaya,784265,TGC MOST WANTED: THE DOUBLE ELIMINATION CHAMBER,tournament/tgc-most-wanted-the-double-elimination-chamber,2025-05-03,7,Smash Ult Double Elim,35
850212,Himalaya,770043,Ram's Rampage,tournament/ram-s-rampage-2,2025-05-04,17,Ram's Rampage,64
850212,Himalaya,787429,Encore Smash #297,tournament/encore-smash-297,2025-05-07,17,Encore Smash Ultimate Singles,42
850212,Himalaya,776603,Do Good 2: A Charity Event,tournament/do-good-2-a-charity-event,2025-05-18,9,Singles,51
850212,Himalaya,787902,Waypoint Warriors 221,tournament/waypoint-warriors-221,2025-05-21,13,Smash Ultimate Singles,41
850212,Himalaya,793145,BrookLAN Brawls #115: A Smash Ultimate Weekly Series,tournament/brooklan-brawls-115-a-smash-ultimate-weekly-series,2025-05-26,9,BrookLAN Brawls #115 - Smash Ultimate Singles,25
850212,Himalaya,792134,Waypoint Warriors 222,tournament/waypoint-warriors-222,2025-05-28,17,Smash Ultimate Singles,53
850212,Himalaya,793094,VS Smack Down #5,tournament/vs-smack-down-5,2025-05-31,9,Ultimate Singles,27
850212,Himalaya,795103,Waypoint Warriors 223,tournament/waypoint-warriors-223,2025-06-04,17,Smash Ultimate Singles,67
850212,Himalaya,797300,Waypoint Warriors 224,tournament/waypoint-warriors-224,2025-06-11,17,Smash Ultimate Singles,48
850212,Himalaya,798622,Waypoint Warriors 225,tournament/waypoint-warriors-225,2025-06-18,13,Smash Ultimate Singles,48
850212,Himalaya,807057,Encore Smash #304,tournament/encore-smash-304,2025-07-09,17,Encore Smash Ultimate Singles,40
850212,Himalaya,804523,Transcendence #51,tournament/transcendence-51-1,2025-07-11,17,Ultimate Singles,46
850212,Himalaya,806875,Locked Ink 4,tournament/locked-ink-4,2025-07-16,13,Ultimate Singles,36
850212,Himalaya,810734,ContenderHV Smash #199,tournament/contenderhv-smash-199,2025-07-22,5,Ultimate Singles,14
850212,Himalaya,791725,More than Friendlies #250: A SUPER ⭐️Celebration,tournament/more-than-friendlies-250-a-super-celebration,2025-07-30,17,Ultimate Singles $100 Bonus,86
850212,Himalaya,815891,The Refuge #77,tournament/the-refuge-77,2025-08-08,17,Ultimate Singles,57
850212,Himalaya,818155,Fusion #263 - The Collision Prelocal,tournament/fusion-263-the-collision-prelocal,2025-08-19,33,Ultimate Singles - $100 Pot Bonus!,101
850212,Himalaya,819556,Encore Smash #310 Collision Prelocal ft $100 pot bonus,tournament/encore-smash-310-collision-prelocal-ft-100-pot-bonus,2025-08-20,17,Encore Smash Ultimate Singles,48
850212,Himalaya,818491,Center Stage #100 $250+ Pot Bonus,tournament/center-stage-100-250-pot-bonus,2025-08-27,17,Ultimate Singles,62
850212,Himalaya,824272,Waypoint Warriors 233,tournament/waypoint-warriors-233,2025-09-03,17,Smash Ultimate Singles,39
850212,Himalaya,824063,Game Night at Dave and Busters #64 $50 prize pool SSBU!!,tournament/game-night-at-dave-and-busters-64-50-prize-pool-ssbu,2025-09-04,9,Ultimate Singles,41
850212,Himalaya,824715,C2GS Smash Ultimate Fall 2025 Offline 1,tournament/c2gs-smash-ultimate-fall-2025-offline-1,2025-09-05,4,Smash Ultimate Bracket,28
850212,Himalaya,825927,BrookLAN Brawls #124: A Smash Ultimate Weekly Series,tournament/brooklan-brawls-124-a-smash-ultimate-weekly-series,2025-09-08,9,BrookLAN Brawls #124 - Smash Ultimate Singles,22
850212,Himalaya,827007,Waypoint Warriors 234,tournament/waypoint-warriors-234,2025-09-10,7,Smash Ultimate Singles,30
850212,Himalaya,826650,Game Night at Dave and Busters #65 $50 prize pool SSBU!!,tournament/game-night-at-dave-and-busters-65-50-prize-pool-ssbu,2025-09-11,9,Ultimate Singles,32
850212,Himalaya,827076,TGC WANTED #27,tournament/tgc-wanted-27,2025-09-13,3,Smash Ult Double Elim,33
850212,Himalaya,829109,Game Night at Dave and Busters #66 $50 prize pool SSBU!!,tournament/game-night-at-dave-and-busters-66-50-prize-pool-ssbu,2025-09-18,9,Ultimate Singles,29
850212,Himalaya,829318,TGC WANTED #28,tournament/tgc-wanted-28,2025-09-20,5,Smash Ult Double Elim,25
850212,Himalaya,830760,BrookLAN Brawls #1000,tournament/brooklan-brawls-1000,2025-09-22,0,Unknown,0
850212,Himalaya,831560,Waypoint Warriors 235,tournament/waypoint-warriors-235,2025-09-24,17,Smash Ultimate Singles,30
850212,Himalaya,832367,TGC WANTED #29,tournament/tgc-wanted-29,2025-09-27,4,Smash Ult Double Elim,25
850212,Himalaya,818890,The Roundtable 6,tournament/the-roundtable-6,2025-09-28,0,Unknown,0
850212,Himalaya,833217,TGC WANTED #30,tournament/tgc-wanted-30,2025-10-04,5,Smash Ult Double Elim,21
850212,Himalaya,837566,Waypoint Warriors 237,tournament/waypoint-warriors-237,2025-10-08,17,Smash Ultimate Singles,33
850212,Himalaya,837727,TGC WANTED #31,tournament/tgc-wanted-31,2025-10-11,5,Smash Ult Double Elim,34
850212,Himalaya,839845,Waypoint Warriors 238,tournament/waypoint-warriors-238,2025-10-15,17,Smash Ultimate Singles,26
850212,Himalaya,841214,TGC WANTED #32,tournament/tgc-wanted-32,2025-10-18,17,Smash Ult Double Elim,37
850212,Himalaya,833241,Sweet & Sour Spot: King's Kandy (POT BONUS $100),tournament/sweet-sour-spot-king-s-kandy-pot-bonus-100,2025-10-19,13,Ultimate Singles,36
850212,Himalaya,843079,Game Night at Dave and Busters #71 $50 prize SSBU,tournament/game-night-at-dave-and-busters-71-50-prize-ssbu,2025-10-23,7,Ultimate Singles,20
850212,Himalaya,743606,The Swish Series - By Dream On,tournament/the-swish-series-by-dream-on,2025-10-23,0,Unknown,0
850212,Himalaya,845218,Encore Smash #320,tournament/encore-smash-320,2025-10-29,4,Encore Smash Ultimate Singles,22
850212,Himalaya,845521,Waypoint Warriors 239,tournament/waypoint-warriors-239,2025-10-29,9,Smash Ultimate Singles,31
850212,Himalaya,846251,Columbia Smash Fall 2025 Weekly #3,tournament/columbia-smash-fall-2025-weekly-3,2025-10-31,4,Ultimate Singles,14
850212,Himalaya,847631,Waypoint Warriors 240,tournament/waypoint-warriors-240,2025-11-05,7,Smash Ultimate Singles,39
850212,Himalaya,851034,TGC WANTED #35,tournament/tgc-wanted-35,2025-11-15,1,Smash Ult Double Elim,29
850212,Himalaya,847632,UD Warriors,tournament/ud-warriors,2025-11-19,17,Smash Ultimate Singles,65
1986069,Jager,774147,The Roundtable 5,tournament/the-roundtable-5,2025-06-01,5,"Redemption Singles (Single Elim, Opt-in)",30
1986069,Jager,792706,Encore Smash #300,tournament/encore-smash-300,2025-06-04,0,Unknown,0
1986069,Jager,795103,Waypoint Warriors 223,tournament/waypoint-warriors-223,2025-06-04,26,Smash Ultimate Singles,67
1986069,Jager,796105,Full Swing: Bond Together,tournament/full-swing-bond-together,2025-06-07,5,Singles,12
1986069,Jager,796651,Fusion #254,tournament/fusion-254,2025-06-10,17,Ultimate Singles,32
1986069,Jager,797300,Waypoint Warriors 224,tournament/waypoint-warriors-224,2025-06-11,25,Smash Ultimate Singles,48
1986069,Jager,798442,Game Night at Dave and Busters #58,tournament/game-night-at-dave-and-busters-58,2025-06-12,3,Ultimate Singles,25
1986069,Jager,799416,BrookLAN Brawls #117: A Smash Ultimate Weekly Series,tournament/brooklan-brawls-117-a-smash-ultimate-weekly-series,2025-06-16,4,BrookLAN Brawls #117 - Smash Ultimate Singles,15
1986069,Jager,800343,Encore Smash #302,tournament/encore-smash-302,2025-06-18,17,Encore Smash Ultimate Singles,29
1986069,Jager,798622,Waypoint Warriors 225,tournament/waypoint-warriors-225,2025-06-18,17,Smash Ultimate Singles,48
1986069,Jager,738212,Undiscovered Realm Comic Con 2025,tournament/undiscovered-realm-comic-con-2025,2025-06-21,0,Unknown,0
1986069,Jager,800348,Encore Smash Monthly #46 - Mr. E's Last Dance,tournament/encore-smash-monthly-46-mr-e-s-last-dance,2025-06-25,0,Unknown,0
1986069,Jager,801859,VS Smack Down #9,tournament/vs-smack-down-9,2025-06-28,5,Ultimate Singles,15
1986069,Jager,796915,NEW WAVE @ TOPMOD,tournament/new-wave-topmod,2025-06-29,5,Smash Ultimate,18
1986069,Jager,801416,Waypoint Warriors 226,tournament/waypoint-warriors-226,2025-07-02,9,Smash Ultimate Singles,56
1986069,Jager,804183,Game Night at Dave and Busters #60 $100 Bounty on Top 8,tournament/game-night-at-dave-and-busters-60-100-bounty-on,2025-07-03,17,Ultimate Singles,47
1986069,Jager,723270,Get On My Level: Forever - Canadian Fighting Game Championships,tournament/get-on-my-level-forever-canadian-fighting-game-championships,2025-07-04,0,Unknown,0
1986069,Jager,805830,Waypoint Warriors 227,tournament/waypoint-warriors-227,2025-07-09,33,Smash Ultimate Singles,62
1986069,Jager,806124,VS Smack Down X ($100 pot bonus),tournament/vs-smack-down-x-100-pot-bonus,2025-07-12,9,Ultimate Singles,31
1986069,Jager,793858,Mission Complete - Philly Smash Regional Event,tournament/mission-complete-philly-smash-regional-event,2025-07-13,0,Unknown,0
1986069,Jager,806448,BrookLAN Brawls #120: A Smash Ultimate Weekly Series,tournament/brooklan-brawls-120-a-smash-ultimate-weekly-series,2025-07-14,7,BrookLAN Brawls #120 - Smash Ultimate Singles,29
1986069,Jager,806875,Locked Ink 4,tournament/locked-ink-4,2025-07-16,9,Ultimate Singles,36
1986069,Jager,808484,Game Night at Dave and Busters #62 $75  prize pool SSBU!!,tournament/game-night-at-dave-and-busters-62-75-prize-pool,2025-07-17,5,Ultimate Singles,53
1986069,Jager,808470,VS Smack Down #11,tournament/vs-smack-down-11,2025-07-19,5,Ultimate Singles,23
1986069,Jager,810529,Waypoint Warriors 228,tournament/waypoint-warriors-228,2025-07-23,17,Smash Ultimate Singles,43
1986069,Jager,812486,Wex Midvitational 2025,tournament/wex-midvitational-2025,2025-07-26,5,Ultimate Singles,14
1986069,Jager,812214,Waypoint Warriors 229,tournament/waypoint-warriors-229,2025-07-30,13,Smash Ultimate Singles,41
1986069,Jager,812694,VS Smack Down Finale,tournament/vs-smack-down-finale,2025-08-02,33,Ultimate Singles,48
1986069,Jager,814251,Waypoint Warriors 230,tournament/waypoint-warriors-230,2025-08-06,9,Smash Ultimate Singles,62
1986069,Jager,777707,Supernova 2025,tournament/supernova-2025,2025-08-07,0,Unknown,0
1986069,Jager,815313,LOCKED INK 5,tournament/locked-ink-5-1,2025-08-13,7,Ultimate Singles,24
1986069,Jager,819556,Encore Smash #310 Collision Prelocal ft $100 pot bonus,tournament/encore-smash-310-collision-prelocal-ft-100-pot-bonus,2025-08-20,33,Encore Smash Ultimate Singles,48
1986069,Jager,819353,Waypoint Warriors 231,tournament/waypoint-warriors-231,2025-08-20,17,Smash Ultimate Singles,50
1986069,Jager,750278,Collision 2025,tournament/collision-2025-8,2025-08-22,0,Unknown,0
1986069,Jager,822337,Waypoint Warriors 232,tournament/waypoint-warriors-232-1,2025-08-27,9,Smash Ultimate Singles,41
1986069,Jager,821043,Game Night at Dave and Busters #63 $75 prize pool SSBU!!,tournament/game-night-at-dave-and-busters-63-75-prize-pool-ssbu,2025-08-28,17,Ultimate Singles,47
1986069,Jager,824272,Waypoint Warriors 233,tournament/waypoint-warriors-233,2025-09-03,17,Smash Ultimate Singles,39
1986069,Jager,824063,Game Night at Dave and Busters #64 $50 prize pool SSBU!!,tournament/game-night-at-dave-and-busters-64-50-prize-pool-ssbu,2025-09-04,17,Ultimate Singles,41
1986069,Jager,827007,Waypoint Warriors 234,tournament/waypoint-warriors-234,2025-09-10,17,Smash Ultimate Singles,30
1986069,Jager,826650,Game Night at Dave and Busters #65 $50 prize pool SSBU!!,tournament/game-night-at-dave-and-busters-65-50-prize-pool-ssbu,2025-09-11,17,Ultimate Singles,32
1986069,Jager,829318,TGC WANTED #28,tournament/tgc-wanted-28,2025-09-20,9,Smash Ult Double Elim,25
1986069,Jager,830760,BrookLAN Brawls #1000,tournament/brooklan-brawls-1000,2025-09-22,25,BrookLAN Brawls #1000 - Smash Ultimate Singles,98
1986069,Jager,831998,Encore Smash #315,tournament/encore-smash-315,2025-09-24,17,Encore Smash Ultimate Singles,25
1986069,Jager,831560,Waypoint Warriors 235,tournament/waypoint-warriors-235,2025-09-24,9,Smash Ultimate Singles,30
1986069,Jager,832367,TGC WANTED #29,tournament/tgc-wanted-29,2025-09-27,9,Smash Ult Double Elim,25
1986069,Jager,818890,The Roundtable 6,tournament/the-roundtable-6,2025-09-28,17,Ultimate Singles,108
1986069,Jager,835047,Encore Smash #316,tournament/encore-smash-316,2025-10-01,13,Encore Smash Ultimate Singles,24
1986069,Jager,833907,Waypoint Warriors 236,tournament/waypoint-warriors-236,2025-10-01,9,Smash Ultimate Singles,29
1986069,Jager,837840,Encore Smash #317 TK1 Birthday Bash FT $100 Kirby Side Bracket,tournament/encore-smash-317-tk1-birthday-bash-ft-100-kirby-side-bracket,2025-10-08,17,Encore Smash Ultimate Singles,30
1986069,Jager,837566,Waypoint Warriors 237,tournament/waypoint-warriors-237,2025-10-08,17,Smash Ultimate Singles,33
1986069,Jager,837727,TGC WANTED #31,tournament/tgc-wanted-31,2025-10-11,13,Smash Ult Double Elim,34
1986069,Jager,826613,Fusion+ #1 - The Fusion Supermajor,tournament/fusion-1-the-fusion-supermajor,2025-10-12,25,Ultimate Singles,89
1986069,Jager,839845,Waypoint Warriors 238,tournament/waypoint-warriors-238,2025-10-15,9,Smash Ultimate Singles,26
1986069,Jager,839856,Encore Smash #318,tournament/encore-smash-318,2025-10-16,17,Encore Smash Ultimate Singles,20
1986069,Jager,841214,TGC WANTED #32,tournament/tgc-wanted-32,2025-10-18,5,Smash Ult Double Elim,37
1986069,Jager,837894,Locked Ink 6.5,tournament/locked-ink-6-5-1,2025-10-22,3,Ultimate Singles,24
1986069,Jager,843079,Game Night at Dave and Busters #71 $50 prize SSBU,tournament/game-night-at-dave-and-busters-71-50-prize-ssbu,2025-10-23,9,Ultimate Singles,20
1986069,Jager,841867,TGC WANTED #33,tournament/tgc-wanted-33,2025-10-25,2,Smash Ult Double Elim,26
1986069,Jager,831580,"Knightmare at The Roundtable 7($200 POT BONUS ULT, $100 POT BONUS MELEE)",tournament/knightmare-at-the-roundtable-7-200-pot-bonus-ult-100-pot-bonus-melee,2025-10-26,33,Ultimate Singles,86
1986069,Jager,843492,UP THE BLOCK #105,tournament/up-the-block-105-2,2025-10-27,9,Smash Ult. (SAT 6PM 11/01),17
1986069,Jager,845218,Encore Smash #320,tournament/encore-smash-320,2025-10-29,2,Redemption Bracket,6
1986069,Jager,845521,Waypoint Warriors 239,tournament/waypoint-warriors-239,2025-10-29,13,Smash Ultimate Singles,31
1986069,Jager,850098,Waypoint Warriors 241,tournament/waypoint-warriors-241,2025-11-12,25,Smash Ultimate Singles,40
1986069,Jager,851045,Encore Smash #322,tournament/encore-smash-322,2025-11-13,7,Encore Smash Ultimate Singles,21
1986069,Jager,851034,TGC WANTED #35,tournament/tgc-wanted-35,2025-11-15,17,Smash Ult Double Elim,29
1986069,Jager,851441,Encore Arcadian Monthly Edition ft $250 pot bonus,tournament/encore-arcadian-monthly-edition-ft-250-pot-bonus-1,2025-11-16,17,Encore Smash Ultimate Singles,48
1986069,Jager,847632,UD Warriors,tournament/ud-warriors,2025-11-19,25,Smash Ultimate Singles,65
1986069,Jager,853602,Encore Smash #323 FT Hikari's Birthday Sora Side Bracket,tournament/encore-smash-323-ft-hikari-s-birthday-sora-side-bracket,2025-11-20,17,Encore Smash Ultimate Singles,26
4780587,Kiro:),750278,Collision 2025,tournament/collision-2025-8,2025-08-22,0,Unknown,0
4780587,Kiro:),843869,Highland Masters 100,tournament/highland-masters-100,2025-11-07,0,Unknown,0
4780587,Kiro:),846387,TGC WANTED #34,tournament/tgc-wanted-34,2025-11-08,13,Smash Ult Double Elim,28
4780587,Kiro:),842918,No Fundies 1: Extra Life,tournament/no-fundies-1-extra-life,2025-11-09,5,Ultimate Doubles,21
4780587,Kiro:),843470,NEW WAVE @ NXT Legaci Gaming,tournament/new-wave-nxt-legaci-gaming,2025-11-16,2,Smash Ultimate,16
5061559,Kung fu witch,843869,Highland Masters 100,tournament/highland-masters-100,2025-11-07,33,Ultimate Singles ($150 POT BONUS!),85
5061559,Kung fu witch,846387,TGC WANTED #34,tournament/tgc-wanted-34,2025-11-08,13,Smash Ult Double Elim,28
5061559,Kung fu witch,843470,NEW WAVE @ NXT Legaci Gaming,tournament/new-wave-nxt-legaci-gaming,2025-11-16,9,Smash Ultimate,16
703199,Molotov,747646,Smash Island is BACK (again),tournament/smash-island-is-back-again,2025-01-19,9,UItimate Singles,17
703199,Molotov,754779,Pace Smash Weekly Spring 2025 #1,tournament/pace-smash-weekly-spring-2025-1,2025-02-08,17,Ultimate Singles,26
703199,Molotov,738402,Waypoint Warriors Returns,tournament/waypoint-warriors-returns,2025-03-12,0,Unknown,0
703199,Molotov,769082,War Amongst People #78,tournament/war-amongst-people-78,2025-03-16,9,Singles,11
703199,Molotov,778963,Pace Smash Weekly Spring 2025 #5 - FINAL WEEKLY!,tournament/pace-smash-weekly-spring-2025-5-final-weekly,2025-04-19,17,Ultimate Singles,46
703199,Molotov,775244,Pace & SJU Present: Waypoint but BIGGER,tournament/pace-sju-present-waypoint-but-bigger,2025-04-26,7,Doubles,9
703199,Molotov,775828,SJU Spring Fling 2025: The Finale,tournament/sju-spring-fling-2025-the-finale,2025-04-26,17,Ultimate Singles,36
703199,Molotov,798622,Waypoint Warriors 225,tournament/waypoint-warriors-225,2025-06-18,25,Smash Ultimate Singles,48
703199,Molotov,812231,The Movitational,tournament/the-movitational,2025-08-02,5,Movitational Day 1,7
703199,Molotov,777707,Supernova 2025,tournament/supernova-2025,2025-08-07,0,Unknown,0
703199,Molotov,816232,Fusion #262,tournament/fusion-262,2025-08-12,25,Ultimate Singles,47
703199,Molotov,813751,THE RETIRETATIONAL,tournament/the-retiretational,2025-08-17,9,UItimate Singles,11
703199,Molotov,818491,Center Stage #100 $250+ Pot Bonus,tournament/center-stage-100-250-pot-bonus,2025-08-27,0,Unknown,0
703199,Molotov,847631,Waypoint Warriors 240,tournament/waypoint-warriors-240,2025-11-05,25,Smash Ultimate Singles,39
703199,Molotov,847632,UD Warriors,tournament/ud-warriors,2025-11-19,0,Unknown,0
1459868,Re: VexZan,747546,UP THE BLOCK #64 (1/13 - 1/19),tournament/up-the-block-64-1-13-1-19,2025-01-12,9,UGNY Smash Tournament (THU 1/16),15
1459868,Re: VexZan,744547,12G Century Series: EXODUS,tournament/12g-century-series-exodus,2025-01-13,0,Unknown,0
1459868,Re: VexZan,746626,Monday Night Mix 18 @ The New Yorker Hotel,tournament/monday-night-mix-18-the-new-yorker-hotel,2025-01-14,9,Smash Ultimate,15
1459868,Re: VexZan,749569,Monday Night Mix 19 @ The New Yorker Hotel,tournament/monday-night-mix-19-the-new-yorker-hotel,2025-01-21,7,Smash Ultimate,10
1459868,Re: VexZan,752293,UP THE BLOCK #66 (1/26 - 2/2),tournament/up-the-block-66-1-26-2-2,2025-01-26,13,UGNY Smash Tournament (THU 1/30),18
1459868,Re: VexZan,757315,UP THE BLOCK #68 (2/9 - 2/16),tournament/up-the-block-68-2-9-2-16,2025-02-09,9,UGNY Smash Tournament (THU 2/13),16
1459868,Re: VexZan,757446,Game Night at Dave and Busters #43 $100 Bounty TOP 8,tournament/game-night-at-dave-and-busters-43-100-bounty-top,2025-02-13,17,Ultimate Singles,30
1459868,Re: VexZan,759711,UP THE BLOCK #69 (2/16 - 2/23),tournament/up-the-block-69-2-16-2-23,2025-02-16,4,UGNY Smash Ult. (THU 2/20),4
1459868,Re: VexZan,760492,Columbia Smash Spring 2025 #3,tournament/columbia-smash-spring-2025-3,2025-02-21,9,Ultimate Singles,21
1459868,Re: VexZan,757685,Pace Smash Weekly Spring 2025 #2,tournament/pace-smash-weekly-spring-2025-2,2025-02-22,17,Ultimate Singles,23
1459868,Re: VexZan,762292,UP THE BLOCK #70 (2/23 - 3/2),tournament/up-the-block-70-2-23-3-2,2025-02-24,9,UGNY Smash Tournament (THU 2/27),12
1459868,Re: VexZan,762469,TGC WANTED: #18,tournament/tgc-wanted-18-1,2025-03-01,13,Smash Ult Double Elim,18
1459868,Re: VexZan,765099,TGC WANTED #19,tournament/tgc-wanted-19,2025-03-08,13,Smash Ult Double Elim,27
1459868,Re: VexZan,767142,UP THE BLOCK #72 (3/9 - 3/16),tournament/up-the-block-72-3-9-3-16,2025-03-09,5,UGNY Smash Tournament (THU 3/13),7
1459868,Re: VexZan,764543,12G Spring Forward Arcadian - Volume 3,tournament/12g-spring-forward-arcadian-volume-3,2025-03-10,33,Ultimate Arcadian Singles,55
1459868,Re: VexZan,769530,UP THE BLOCK #73 (3/16 - 3/23),tournament/up-the-block-73-3-16-3-23,2025-03-16,9,UGNY Smash Ult. (THU 3/20),12
1459868,Re: VexZan,770132,TGC WANTED #21,tournament/tgc-wanted-21,2025-03-22,7,Smash Ult Double Elim,20
1459868,Re: VexZan,772093,UP THE BLOCK #74 (3/23 - 3/30),tournament/up-the-block-74-3-23-3-30,2025-03-24,4,UGNY Smash Tournament (THUR 3/27),7
1459868,Re: VexZan,763532,Smoking Smash 16,tournament/smoking-smash-16,2025-03-24,3,Smash Ultimate Singles,14
1459868,Re: VexZan,774313,UP THE BLOCK #75 (3/30 - 4/6),tournament/up-the-block-75-3-30-4-6,2025-03-30,9,UGNY Smash Ult. (THU 4/3),17
1459868,Re: VexZan,774143,Game Night at Dave and Busters #49,tournament/game-night-at-dave-and-busters-49,2025-04-03,13,Ultimate Singles,18
1459868,Re: VexZan,774622,TGC WANTED #22,tournament/tgc-wanted-22,2025-04-05,5,Smash Ult Double Elim,16
1459868,Re: VexZan,776831,UP THE BLOCK #76 (4/6 - 4/13),tournament/up-the-block-76-4-6-4-13,2025-04-06,13,UGNY Smash Tournament (THUR 4/10),17
1459868,Re: VexZan,776663,Monday Night Mix 26 @ UC NYC,tournament/monday-night-mix-26-uc-nyc-1,2025-04-08,5,Smash Ultimate,6
1459868,Re: VexZan,776110,Game Night at Dave and Busters #50 $100 Bounty TOP 8,tournament/game-night-at-dave-and-busters-50-100-bounty-top,2025-04-10,17,Ultimate Singles,31
1459868,Re: VexZan,779282,UP THE BLOCK #77 (4/13 - 4/20),tournament/up-the-block-77-4-13-4-20,2025-04-13,9,UGNY Smash Tournament (THUR 4/17),13
1459868,Re: VexZan,773890,Smoking Smash 17,tournament/smoking-smash-17,2025-04-14,5,Smash Ultimate Singles,18
1459868,Re: VexZan,778963,Pace Smash Weekly Spring 2025 #5 - FINAL WEEKLY!,tournament/pace-smash-weekly-spring-2025-5-final-weekly,2025-04-19,33,Ultimate Singles,46
1459868,Re: VexZan,784621,UP THE BLOCK #79 (4/28 - 5/4),tournament/up-the-block-79-4-28-5-4,2025-04-28,2,UGNY Smash Tournament (THUR 5/1),5
1459868,Re: VexZan,784397,Game Night at Dave and Busters #53,tournament/game-night-at-dave-and-busters-53,2025-05-01,9,Ultimate Singles,18
1459868,Re: VexZan,786926,UP THE BLOCK #80 (5/4 - 5/11),tournament/up-the-block-80-5-4-5-11,2025-05-05,9,UGNY Smash Tournament (THUR 5/8),14
1459868,Re: VexZan,787218,VS Smack Down #2,tournament/vs-smack-down-2,2025-05-10,5,Ultimate Singles,16
1459868,Re: VexZan,789159,UP THE BLOCK #81 (5/11 - 5/18),tournament/up-the-block-81-5-11-5-18,2025-05-11,9,UGNY Smash Tournament (THUR 5/15),21
1459868,Re: VexZan,788525,Game Night at Dave and Busters #54,tournament/game-night-at-dave-and-busters-54,2025-05-15,13,Ultimate Singles,29
1459868,Re: VexZan,789934,VS Smack Down #3,tournament/vs-smack-down-3,2025-05-17,9,Ultimate Singles,22
1459868,Re: VexZan,791273,UP THE BLOCK #82 (5/18 - 5/25),tournament/up-the-block-82-5-18-5-25,2025-05-18,7,UGNY Smash Tournament (THUR 5/22),12
1459868,Re: VexZan,791274,Game Night at Dave and Busters #55,tournament/game-night-at-dave-and-busters-55,2025-05-22,13,Ultimate Singles,27
1459868,Re: VexZan,791302,VS Smack Down #4,tournament/vs-smack-down-4,2025-05-24,9,Ultimate Singles,21
1459868,Re: VexZan,793525,UP THE BLOCK #83 (5/25 - 6/1),tournament/up-the-block-83-5-25-6-1,2025-05-25,13,UGNY Smash Tournament (THUR 5/29),23
1459868,Re: VexZan,793355,Game Night at Dave and Busters #56,tournament/game-night-at-dave-and-busters-56-1,2025-05-29,9,Ultimate Singles,23
1459868,Re: VexZan,795784,UP THE BLOCK #84 (6/1 - 6/8),tournament/up-the-block-84-6-1-6-8,2025-06-01,17,UGNY Smash Ult. (THU 6/5),25
1459868,Re: VexZan,795647,Game Night at Dave and Busters #57,tournament/game-night-at-dave-and-busters-57,2025-06-05,13,Ultimate Singles,27
1459868,Re: VexZan,797939,UP THE BLOCK #85 (6/8 - 6/15),tournament/up-the-block-85-6-8-6-15,2025-06-09,9,UGNY Smash Tournament (THUR 6/12),18
1459868,Re: VexZan,798442,Game Night at Dave and Busters #58,tournament/game-night-at-dave-and-busters-58,2025-06-12,13,Ultimate Singles,25
1459868,Re: VexZan,745112,Waffle Games 8.0,tournament/waffle-games-8-0,2025-06-14,9,Super Smash Bros. Ultimate Singles,42
1459868,Re: VexZan,797932,VS Smack Down #7,tournament/vs-smack-down-7,2025-06-14,7,Ultimate Singles,14
1459868,Re: VexZan,799876,UP THE BLOCK #86 (6/15 - 6/22),tournament/up-the-block-86-6-15-6-22,2025-06-15,9,UGNY Smash Tournament (THUR 6/19),17
1459868,Re: VexZan,799635,VS Smack Down #8,tournament/vs-smack-down-8,2025-06-21,9,Ultimate Singles,26
1459868,Re: VexZan,803287,UP THE BLOCK #87 (6/23 - 6/29),tournament/up-the-block-87-6-23-6-29,2025-06-25,13,UGNY Smash Tournament (THUR 6/26),18
1459868,Re: VexZan,800761,Game Night at Dave and Busters #59,tournament/game-night-at-dave-and-busters-59,2025-06-26,25,Ultimate Singles,33
1459868,Re: VexZan,804296,UP THE BLOCK #88 (6/29 - 7/6),tournament/up-the-block-88-6-29-7-6,2025-06-29,9,UGNY Smash Tournament (THUR 7/3),15
1459868,Re: VexZan,804183,Game Night at Dave and Busters #60 $100 Bounty on Top 8,tournament/game-night-at-dave-and-busters-60-100-bounty-on,2025-07-03,25,Ultimate Singles,47
1459868,Re: VexZan,806277,Game Night at Dave and Busters #61 $75 prize pool SSBU!!,tournament/game-night-at-dave-and-busters-61-75-prize-pool,2025-07-09,25,Ultimate Singles,44
1459868,Re: VexZan,806124,VS Smack Down X ($100 pot bonus),tournament/vs-smack-down-x-100-pot-bonus,2025-07-12,17,Ultimate Singles,31
1459868,Re: VexZan,808652,UP THE BLOCK #90 (7/13 - 7/20),tournament/up-the-block-90-7-13-7-20,2025-07-14,13,UGNY Smash Tournament (THUR 7/17),18
1459868,Re: VexZan,808484,Game Night at Dave and Busters #62 $75  prize pool SSBU!!,tournament/game-night-at-dave-and-busters-62-75-prize-pool,2025-07-17,17,Ultimate Singles,53
1459868,Re: VexZan,810775,UP THE BLOCK #91 (7/20 - 7/27),tournament/up-the-block-91-7-20-7-27,2025-07-21,17,UGNY Smash Tournament (THUR 7/24),19
1459868,Re: VexZan,810274,VS Smack Down 12,tournament/vs-smack-down-12,2025-07-26,25,Ultimate Singles,37
1459868,Re: VexZan,812839,UP THE BLOCK #92 (7/27 - 8/3),tournament/up-the-block-92-7-27-8-3,2025-07-27,5,UGNY Smash Tournament (THUR 7/31),10
1459868,Re: VexZan,809426,The Fusion Arcadian 10,tournament/the-fusion-arcadian-10,2025-07-29,0,Unknown,0
1459868,Re: VexZan,812214,Waypoint Warriors 229,tournament/waypoint-warriors-229,2025-07-30,25,Smash Ultimate Singles,41
1459868,Re: VexZan,812694,VS Smack Down Finale,tournament/vs-smack-down-finale,2025-08-02,25,Ultimate Singles,48
1459868,Re: VexZan,815881,UP THE BLOCK #93 (08/04 - 08/10),tournament/up-the-block-93-08-04-08-10,2025-08-06,9,UGNY Smash Tournament (THUR 08/07),12
1459868,Re: VexZan,817325,UP THE BLOCK #94 (8/10 - 8/17),tournament/up-the-block-94-8-10-8-17,2025-08-11,9,Smash Ult. (THUR 8PM 8/14),18
1459868,Re: VexZan,819712,UP THE BLOCK #95 (8/17 - 8/22),tournament/up-the-block-95-8-17-8-22,2025-08-18,13,Smash Ult. (THUR 8PM 8/21),17
1459868,Re: VexZan,822055,UP THE BLOCK #96 (8/24 - 8/31),tournament/up-the-block-96-8-24-8-31-1,2025-08-25,13,Smash Ult. (THUR 8PM 8/28),17
1459868,Re: VexZan,821043,Game Night at Dave and Busters #63 $75 prize pool SSBU!!,tournament/game-night-at-dave-and-busters-63-75-prize-pool-ssbu,2025-08-28,25,Ultimate Singles,47
1459868,Re: VexZan,824612,UP THE BLOCK #97 (8/31 - 9/7),tournament/up-the-block-97-8-31-9-7,2025-09-01,13,Smash Ult. (THUR 8PM 9/4),20
1459868,Re: VexZan,824063,Game Night at Dave and Busters #64 $50 prize pool SSBU!!,tournament/game-night-at-dave-and-busters-64-50-prize-pool-ssbu,2025-09-04,25,Ultimate Singles,41
1459868,Re: VexZan,826823,UP THE BLOCK #98 (9/7 - 9/14),tournament/up-the-block-98-9-7-9-14,2025-09-07,5,Smash Ult. (THUR 8PM 9/11),9
1459868,Re: VexZan,826650,Game Night at Dave and Busters #65 $50 prize pool SSBU!!,tournament/game-night-at-dave-and-busters-65-50-prize-pool-ssbu,2025-09-11,17,Ultimate Singles,32
1459868,Re: VexZan,829109,Game Night at Dave and Busters #66 $50 prize pool SSBU!!,tournament/game-night-at-dave-and-busters-66-50-prize-pool-ssbu,2025-09-18,17,Ultimate Singles,29
1459868,Re: VexZan,832099,UP THE BLOCK #100 (9/21 - 9/28),tournament/up-the-block-100-9-21-9-28,2025-09-22,17,Smash Ult. (THUR 8PM 9/25) $400+ POT,31
1459868,Re: VexZan,831812,Game Night at Dave and Busters #67 $50 prize pool SSBU!!,tournament/game-night-at-dave-and-busters-67-50-prize-pool-ssbu,2025-09-25,13,Ultimate Singles,27
1459868,Re: VexZan,834426,UP THE BLOCK #101 (9/28 - 10/5),tournament/up-the-block-101-9-28-10-5,2025-09-28,9,Smash Ult. (THUR 8PM 10/2),13
1459868,Re: VexZan,834409,Game Night at Dave and Busters #68 $50 prize pool SSBU!!,tournament/game-night-at-dave-and-busters-68-50-prize-pool-ssbu,2025-10-02,17,Ultimate Singles,32
1459868,Re: VexZan,837705,UP THE BLOCK #102 (10/06 - 10/12),tournament/up-the-block-102-10-06-10-12,2025-10-06,5,Smash Ult. (THUR 8PM 10/09),11
1459868,Re: VexZan,839744,UP THE BLOCK #103,tournament/up-the-block-103,2025-10-16,9,Smash Ult. (THUR 8PM 10/16),11
1459868,Re: VexZan,840720,Game Night at Dave and Busters #70 $50 prize pool SSBU,tournament/game-night-at-dave-and-busters-70-50-prize-pool-ssbu,2025-10-16,17,Ultimate Singles,24
1459868,Re: VexZan,841214,TGC WANTED #32,tournament/tgc-wanted-32,2025-10-18,17,Smash Ult Double Elim,37
1459868,Re: VexZan,843079,Game Night at Dave and Busters #71 $50 prize SSBU,tournament/game-night-at-dave-and-busters-71-50-prize-ssbu,2025-10-23,13,Ultimate Singles,20
1459868,Re: VexZan,843492,UP THE BLOCK #105,tournament/up-the-block-105-2,2025-10-27,13,Smash Ult. (SAT 6PM 11/01),17
1459868,Re: VexZan,846251,Columbia Smash Fall 2025 Weekly #3,tournament/columbia-smash-fall-2025-weekly-3,2025-10-31,9,Ultimate Singles,14
1459868,Re: VexZan,847631,Waypoint Warriors 240,tournament/waypoint-warriors-240,2025-11-05,17,Smash Ultimate Singles,39
1459868,Re: VexZan,847497,UP THE BLOCK #106,tournament/up-the-block-106,2025-11-06,5,Smash Ult. (SAT 6PM 11/08),9
1459868,Re: VexZan,847664,Game Night at Dave and Busters #72 $50 prize pool SSBU,tournament/game-night-at-dave-and-busters-72-50-prize-pool-ssbu,2025-11-06,13,Ultimate Singles,26
1459868,Re: VexZan,848884,Columbia Smash Fall 2025 Weekly #4,tournament/columbia-smash-fall-2025-weekly-4-1,2025-11-07,7,Ultimate Singles,17
1459868,Re: VexZan,846387,TGC WANTED #34,tournament/tgc-wanted-34,2025-11-08,9,Smash Ult Double Elim,28
1459868,Re: VexZan,850706,Game Night at Dave and Busters #73 $50 prize pool SSBU,tournament/game-night-at-dave-and-busters-73-50-prize-pool-ssbu,2025-11-13,17,Ultimate Singles,24
1459868,Re: VexZan,851034,TGC WANTED #35,tournament/tgc-wanted-35,2025-11-15,13,Smash Ult Double Elim,29
1459868,Re: VexZan,843470,NEW WAVE @ NXT Legaci Gaming,tournament/new-wave-nxt-legaci-gaming,2025-11-16,13,Smash Ultimate,16
1459868,Re: VexZan,853697,Game Night at Dave and Busters #74 $100 Bounty on top 8,tournament/game-night-at-dave-and-busters-74-100-bounty-on-top-8,2025-11-20,17,Ultimate Singles,27
1459868,Re: VexZan,853848,Columbia Smash Fall 2025 Weekly #6,tournament/columbia-smash-fall-2025-weekly-6,2025-11-21,7,Ultimate Singles,10
2496977,Sampai,731981,Bug's Bash 11,tournament/bug-s-bash-11,2024-11-22,25,Bugs Bash Singles,25
2496977,Sampai,734629,Bug's Bash 12,tournament/bug-s-bash-12,2024-12-06,9,Bugs Bash Singles,13
2496977,Sampai,737156,Pace Smash Weekly Fall 2024 #8,tournament/pace-smash-weekly-fall-2024-8,2024-12-07,13,Ultimate Singles,19
2496977,Sampai,736264,12G Century Series: Holiday Harvest,tournament/12g-century-series-holiday-harvest,2024-12-16,33,Holiday Harvest - Ultimate Singles,79
2496977,Sampai,695079,Luminosity Makes BIG Moves 2025,tournament/luminosity-makes-big-moves-2025,2025-01-03,0,Unknown,0
2496977,Sampai,744547,12G Century Series: EXODUS,tournament/12g-century-series-exodus,2025-01-13,0,Unknown,0
2496977,Sampai,746626,Monday Night Mix 18 @ The New Yorker Hotel,tournament/monday-night-mix-18-the-new-yorker-hotel,2025-01-14,13,Smash Ultimate,15
2496977,Sampai,751044,BrookLAN Brawls #101: A Smash Ultimate Weekly Series,tournament/brooklan-brawls-101-a-smash-ultimate-weekly-series,2025-01-27,0,Unknown,0
2496977,Sampai,754779,Pace Smash Weekly Spring 2025 #1,tournament/pace-smash-weekly-spring-2025-1,2025-02-08,17,Ultimate Singles,26
2496977,Sampai,757685,Pace Smash Weekly Spring 2025 #2,tournament/pace-smash-weekly-spring-2025-2,2025-02-22,17,Ultimate Singles,23
2496977,Sampai,765099,TGC WANTED #19,tournament/tgc-wanted-19,2025-03-08,13,Smash Ult Double Elim,27
2496977,Sampai,764543,12G Spring Forward Arcadian - Volume 3,tournament/12g-spring-forward-arcadian-volume-3,2025-03-10,33,Ultimate Arcadian Singles,55
2496977,Sampai,770132,TGC WANTED #21,tournament/tgc-wanted-21,2025-03-22,9,Smash Ult Double Elim,20
2496977,Sampai,773076,Pace Smash Weekly Spring 2025 #4,tournament/pace-smash-weekly-spring-2025-4,2025-04-12,17,Ultimate Singles,23
2496977,Sampai,775244,Pace & SJU Present: Waypoint but BIGGER,tournament/pace-sju-present-waypoint-but-bigger,2025-04-26,0,Unknown,0
2496977,Sampai,784265,TGC MOST WANTED: THE DOUBLE ELIMINATION CHAMBER,tournament/tgc-most-wanted-the-double-elimination-chamber,2025-05-03,17,Smash Ult Double Elim,35
2496977,Sampai,806875,Locked Ink 4,tournament/locked-ink-4,2025-07-16,25,Ultimate Singles,36
2496977,Sampai,810274,VS Smack Down 12,tournament/vs-smack-down-12,2025-07-26,25,Ultimate Singles,37
2496977,Sampai,812694,VS Smack Down Finale,tournament/vs-smack-down-finale,2025-08-02,17,Ultimate Singles,48
2496977,Sampai,750278,Collision 2025,tournament/collision-2025-8,2025-08-22,0,Unknown,0
2496977,Sampai,827076,TGC WANTED #27,tournament/tgc-wanted-27,2025-09-13,9,Smash Ult Double Elim,33
2496977,Sampai,830760,BrookLAN Brawls #1000,tournament/brooklan-brawls-1000,2025-09-22,0,Unknown,0
2496977,Sampai,837723,Pace Esports Club Presents: The Smash Society! 2,tournament/pace-esports-club-presents-the-smash-society-2,2025-10-11,5,Ultimate Singles,13
2496977,Sampai,826613,Fusion+ #1 - The Fusion Supermajor,tournament/fusion-1-the-fusion-supermajor,2025-10-12,0,Unknown,0
2496977,Sampai,841214,TGC WANTED #32,tournament/tgc-wanted-32,2025-10-18,17,Smash Ult Double Elim,37
2496977,Sampai,846387,TGC WANTED #34,tournament/tgc-wanted-34,2025-11-08,17,Smash Ult Double Elim,28
1751957,Tendonitis,737156,Pace Smash Weekly Fall 2024 #8,tournament/pace-smash-weekly-fall-2024-8,2024-12-07,9,Ultimate Singles,19
1751957,Tendonitis,754779,Pace Smash Weekly Spring 2025 #1,tournament/pace-smash-weekly-spring-2025-1,2025-02-08,17,Ultimate Singles,26
1751957,Tendonitis,757685,Pace Smash Weekly Spring 2025 #2,tournament/pace-smash-weekly-spring-2025-2,2025-02-22,17,Ultimate Singles,23
1751957,Tendonitis,777770,Highland Masters 87,tournament/highland-masters-87,2025-04-11,9,Ultimate Singles,13
1751957,Tendonitis,832247,Pace Esports Club Presents: The Smash Society!,tournament/pace-esports-club-presents-the-smash-society,2025-09-27,7,Ultimate Singles,9
1751957,Tendonitis,837723,Pace Esports Club Presents: The Smash Society! 2,tournament/pace-esports-club-presents-the-smash-society-2,2025-10-11,7,Ultimate Singles,13
5083240,Titan,843470,NEW WAVE @ NXT Legaci Gaming,tournament/new-wave-nxt-legaci-gaming,2025-11-16,9,Smash Ultimate,16
979064,YajYaj,695079,Luminosity Makes BIG Moves 2025,tournament/luminosity-makes-big-moves-2025,2025-01-03,0,Unknown,0
979064,YajYaj,744547,12G Century Series: EXODUS,tournament/12g-century-series-exodus,2025-01-13,33,EXODUS - Ultimate Singles,141
979064,YajYaj,773076,Pace Smash Weekly Spring 2025 #4,tournament/pace-smash-weekly-spring-2025-4,2025-04-12,13,Ultimate Singles,23
979064,YajYaj,775244,Pace & SJU Present: Waypoint but BIGGER,tournament/pace-sju-present-waypoint-but-bigger,2025-04-26,0,Unknown,0
979064,YajYaj,795103,Waypoint Warriors 223,tournament/waypoint-warriors-223,2025-06-04,17,Smash Ultimate Singles,67
979064,YajYaj,798622,Waypoint Warriors 225,tournament/waypoint-warriors-225,2025-06-18,25,Smash Ultimate Singles,48
979064,YajYaj,804183,Game Night at Dave and Busters #60 $100 Bounty on Top 8,tournament/game-night-at-dave-and-busters-60-100-bounty-on,2025-07-03,17,Ultimate Singles,47
979064,YajYaj,815436,BrookLAN Brawls #121: A Smash Ultimate Weekly Series,tournament/brooklan-brawls-121-a-smash-ultimate-weekly-series,2025-08-11,3,BrookLAN Brawls #121 - Smash Ultimate Singles,26
979064,YajYaj,750278,Collision 2025,tournament/collision-2025-8,2025-08-22,0,Unknown,0
979064,YajYaj,824063,Game Night at Dave and Busters #64 $50 prize pool SSBU!!,tournament/game-night-at-dave-and-busters-64-50-prize-pool-ssbu,2025-09-04,17,Ultimate Singles,41
979064,YajYaj,828212,BrookLAN Brawls #125: A Smash Ultimate Weekly Series,tournament/brooklan-brawls-125-a-smash-ultimate-weekly-series,2025-09-15,7,BrookLAN Brawls #125 - Smash Ultimate Singles,13
979064,YajYaj,829318,TGC WANTED #28,tournament/tgc-wanted-28,2025-09-20,9,Smash Ult Double Elim,25
979064,YajYaj,830760,BrookLAN Brawls #1000,tournament/brooklan-brawls-1000,2025-09-22,33,BrookLAN Brawls #1000 - Smash Ultimate Singles,98
979064,YajYaj,831560,Waypoint Warriors 235,tournament/waypoint-warriors-235,2025-09-24,5,Smash Ultimate Singles,30
979064,YajYaj,832247,Pace Esports Club Presents: The Smash Society!,tournament/pace-esports-club-presents-the-smash-society,2025-09-27,3,Ultimate Singles,9
979064,YajYaj,837723,Pace Esports Club Presents: The Smash Society! 2,tournament/pace-esports-club-presents-the-smash-society-2,2025-10-11,3,Ultimate Singles,13
979064,YajYaj,826613,Fusion+ #1 - The Fusion Supermajor,tournament/fusion-1-the-fusion-supermajor,2025-10-12,33,Ultimate Singles,89
979064,YajYaj,841214,TGC WANTED #32,tournament/tgc-wanted-32,2025-10-18,17,Smash Ult Double Elim,37
979064,YajYaj,775637,Clip It V,tournament/clip-it-v,2025-10-26,7,Ultimate Doubles,10
979064,YajYaj,850098,Waypoint Warriors 241,tournament/waypoint-warriors-241,2025-11-12,25,Smash Ultimate Singles,40
979064,YajYaj,853697,Game Night at Dave and Busters #74 $100 Bounty on top 8,tournament/game-night-at-dave-and-busters-74-100-bounty-on-top-8,2025-11-20,17,Ultimate Singles,27
1445259,abc,737156,Pace Smash Weekly Fall 2024 #8,tournament/pace-smash-weekly-fall-2024-8,2024-12-07,3,Ultimate Singles,19
1445259,abc,741612,Wex Midvitational 2024 Ft. Bugs and Vivi,tournament/wex-midvitational-2024-ft-bugs-and-vivi,2024-12-31,4,Ultimate Singles,16
1445259,abc,752085,TGC WANTED #14,tournament/tgc-wanted-14,2025-02-01,5,Super Smash Bros. Ultimate: Singles,29
1445259,abc,754779,Pace Smash Weekly Spring 2025 #1,tournament/pace-smash-weekly-spring-2025-1,2025-02-08,3,Ultimate Singles,26
1445259,abc,757685,Pace Smash Weekly Spring 2025 #2,tournament/pace-smash-weekly-spring-2025-2,2025-02-22,5,Ultimate Singles,23
1445259,abc,762355,Sunset Radio #8,tournament/sunset-radio-8,2025-02-26,13,Ultimate Singles,28
1445259,abc,738402,Waypoint Warriors Returns,tournament/waypoint-warriors-returns,2025-03-12,25,Smash Ultimate Singles,66
1445259,abc,771069,Waypoint Warriors 214,tournament/waypoint-warriors-214,2025-04-02,17,Smash Ultimate Singles,52
1445259,abc,776268,Waypoint Warriors: Dany Vs Tristate,tournament/waypoint-warriors-dany-vs-tristate,2025-04-09,0,Unknown,0
1445259,abc,773076,Pace Smash Weekly Spring 2025 #4,tournament/pace-smash-weekly-spring-2025-4,2025-04-12,1,Ultimate Singles,23
1445259,abc,778963,Pace Smash Weekly Spring 2025 #5 - FINAL WEEKLY!,tournament/pace-smash-weekly-spring-2025-5-final-weekly,2025-04-19,7,Ultimate Singles,46
1445259,abc,775244,Pace & SJU Present: Waypoint but BIGGER,tournament/pace-sju-present-waypoint-but-bigger,2025-04-26,9,Singles,69
1445259,abc,797300,Waypoint Warriors 224,tournament/waypoint-warriors-224,2025-06-11,33,Smash Ultimate Singles,48
1445259,abc,813751,THE RETIRETATIONAL,tournament/the-retiretational,2025-08-17,4,UItimate Singles,11
1445259,abc,830760,BrookLAN Brawls #1000,tournament/brooklan-brawls-1000,2025-09-22,0,Unknown,0
1445259,abc,837723,Pace Esports Club Presents: The Smash Society! 2,tournament/pace-esports-club-presents-the-smash-society-2,2025-10-11,4,Ultimate Singles,13
3124851,ravioli,753404,GWeekly 85,tournament/gweekly-85,2025-02-02,25,Ultimate Singles 1v1,32
3124851,ravioli,831943,GWeekly 99,tournament/gweekly-99,2025-09-28,17,Ultimate Singles 1v1,37
708513,victory,727839,NPSC x Marist College: Crewsade,tournament/npsc-x-marist-college-crewsade,2024-11-25,3,Ultimate Singles,33
708513,victory,737156,Pace Smash Weekly Fall 2024 #8,tournament/pace-smash-weekly-fall-2024-8,2024-12-07,5,Ultimate Singles,19
708513,victory,695079,Luminosity Makes BIG Moves 2025,tournament/luminosity-makes-big-moves-2025,2025-01-03,0,Unknown,0
708513,victory,754779,Pace Smash Weekly Spring 2025 #1,tournament/pace-smash-weekly-spring-2025-1,2025-02-08,7,Ultimate Singles,26
708513,victory,749084,NPSC Presents: Jaymo's Randubs Roundup,tournament/npsc-presents-jaymo-s-randubs-roundup,2025-02-10,4,Ultimate Singles,31
708513,victory,757685,Pace Smash Weekly Spring 2025 #2,tournament/pace-smash-weekly-spring-2025-2,2025-02-22,9,Ultimate Singles,23
708513,victory,767415,Pace Smash Weekly Spring 2025 #3,tournament/pace-smash-weekly-spring-2025-3-1,2025-03-15,5,Ultimate Singles,16
708513,victory,771982,HoG: Shock 13.12,tournament/hog-shock-13-12,2025-03-25,13,Ultimate Singles,43
708513,victory,768820,($100 Pot Bonus) DankStep 8! A Celebratory Tournament!,tournament/100-pot-bonus-dankstep-8-a-celebratory-tournament,2025-03-31,0,Unknown,0
708513,victory,773076,Pace Smash Weekly Spring 2025 #4,tournament/pace-smash-weekly-spring-2025-4,2025-04-12,4,Ultimate Singles,23
708513,victory,775244,Pace & SJU Present: Waypoint but BIGGER,tournament/pace-sju-present-waypoint-but-bigger,2025-04-26,33,Singles,69
708513,victory,784265,TGC MOST WANTED: THE DOUBLE ELIMINATION CHAMBER,tournament/tgc-most-wanted-the-double-elimination-chamber,2025-05-03,5,Smash Ult Double Elim,35
708513,victory,821862,ContenderHV Smash #204,tournament/contenderhv-smash-204,2025-08-26,7,Ultimate Singles,19
708513,victory,832247,Pace Esports Club Presents: The Smash Society!,tournament/pace-esports-club-presents-the-smash-society,2025-09-27,1,Ultimate Singles,9
708513,victory,837723,Pace Esports Club Presents: The Smash Society! 2,tournament/pace-esports-club-presents-the-smash-society-2,2025-10-11,1,Ultimate Singles,13
708513,victory,841843,Pace Esports Club Presents: The Smash Society! 3,tournament/pace-esports-club-presents-the-smash-society-3,2025-10-25,2,Ultimate Singles,8
708513,victory,848440,Pace Esports Club Presents: The Smash Society! 4,tournament/pace-esports-club-presents-the-smash-society-4,2025-11-08,1,Ultimate Singles,11
708513,victory,850098,Waypoint Warriors 241,tournament/waypoint-warriors-241,2025-11-12,25,Smash Ultimate Singles,40
5044435,wushi,845367,No Jump 171: Free Entry For Costumed No Jumpers,tournament/no-jump-171-free-entry-for-costumed-no-jumpers,2025-11-01,13,Ultimate Singles,15
5044435,wushi,843869,Highland Masters 100,tournament/highland-masters-100,2025-11-07,49,Ultimate Singles ($150 POT BONUS!),85
5044435,wushi,846387,TGC WANTED #34,tournament/tgc-wanted-34,2025-11-08,17,Smash Ult Double Elim,28
5044435,wushi,852314,Midnight Mashers #214,tournament/midnight-mashers-214,2025-11-16,0,Unknown,0
5044435,wushi,843470,NEW WAVE @ NXT Legaci Gaming,tournament/new-wave-nxt-legaci-gaming,2025-11-16,13,Smash Ultimate,16
5044435,wushi,853250,Fate's Domain: Revival #54,tournament/fate-s-domain-revival-54,2025-11-19,17,Ultimate Singles,41
